kmeans,SC,SC_diff,SIMLR,SIMLR_diff
0.186974682047127,0.541325487560095,0.638469377890606,0.357734452331133,0.978782737361298
