kmeans,SC,SC_diff,SIMLR,SIMLR_diff
0.0566432489036236,0.741309297599116,0.872256871165852,0.573966455856431,0.983512102184835
